{"color":{"r":0.5568627450980392,"b":0.6745098039215687,"g":0.6352941176470588,"a":1},"secondaryIndex":null,"name":"Gray","category":"Colors","index":11}