{"color":{"r":0.237807144440794,"b":0.8283375850340136,"g":0.6687347632520624,"a":1},"secondaryIndex":null,"name":"Info Blue","category":"Colors","index":4}