{"color":{"r":0.9773707796452111,"b":0.9863414115646258,"g":0.9828905825399189,"a":1},"name":"Gray Lightest","category":"Colors","index":14}