{"color":{"r":0.266164636674193,"b":0.5450976154666251,"g":0.7718165391156463,"a":1},"secondaryIndex":null,"name":"Success Green","category":"Colors","index":5}