{"color":{"r":0.1092421343537415,"b":0.1092421343537415,"g":0.1092421343537415,"a":1},"name":"Primary Black","category":"Colors","index":2}