{"color":{"r":0.7263007052926225,"b":0.7909491921768708,"g":0.7640928404583124,"a":1},"secondaryIndex":null,"name":"Gray Light","category":"Colors","index":12}