{"color":{"r":0.2237354074893748,"b":0.7510894982993197,"g":0.6723625543757561,"a":1},"name":"Primary Brand","category":"Colors","index":0}