{"color":{"r":0.9923735119047619,"b":0.9923735119047619,"g":0.9923735119047619,"a":1},"name":"Primary White","category":"Colors","index":3}