{"color":{"r":0.5418651171920964,"b":0.7957589285714286,"g":0.539909748115925,"a":1},"name":"Secondary Brand","category":"Colors","index":1}