{"color":{"r":0.2280640548048647,"b":0.2636585884353742,"g":0.2533030456179382,"a":1},"secondaryIndex":null,"name":"Gray Darkest","category":"Colors","index":8}