{"color":{"r":0.4278763043858346,"b":0.5254304846938775,"g":0.4878370004685125,"a":1},"secondaryIndex":null,"name":"Gray Dark","category":"Colors","index":10}