{"color":{"r":0.9399978741496599,"b":0.2209981586616457,"g":0.6299536693901374,"a":1},"secondaryIndex":null,"name":"Warning Orange","category":"Colors","index":6}