{"color":{"r":0.8280452806122449,"b":0.3739991448535498,"g":0.3739991448535498,"a":1},"secondaryIndex":null,"name":"Error Red","category":"Colors","index":7}