{"color":{"r":0.9108182164899083,"b":0.9444887329931972,"g":0.9300209329331903,"a":1},"name":"Gray Lighter","category":"Colors","index":13}