{"color":{"r":0.3260907259854404,"b":0.39453125,"g":0.3728297455273127,"a":1},"secondaryIndex":null,"name":"Gray Darker","category":"Colors","index":9}